id,imdb_score_binned
0,1,2
1,2,3
2,3,2
3,4,3
4,5,2
5,6,2
6,7,4
7,8,3
8,9,2
9,10,2
10,11,2
11,12,2
12,13,2
13,14,2
14,15,2
15,16,2
16,17,2
17,18,2
18,19,3
19,20,2
20,21,2
21,22,2
22,23,2
23,24,3
24,25,2
25,26,2
26,27,2
27,28,2
28,29,2
29,30,3
30,31,3
31,32,2
32,33,2
33,34,2
34,35,2
35,36,3
36,37,2
37,38,3
38,39,2
39,40,2
40,41,4
41,42,2
42,43,3
43,44,2
44,45,2
45,46,3
46,47,2
47,48,2
48,49,2
49,50,2
50,51,3
51,52,2
52,53,3
53,54,2
54,55,2
55,56,4
56,57,2
57,58,2
58,59,2
59,60,2
60,61,2
61,62,2
62,63,1
63,64,2
64,65,2
65,66,3
66,67,2
67,68,2
68,69,2
69,70,2
70,71,2
71,72,2
72,73,4
73,74,3
74,75,2
75,76,4
76,77,2
77,78,2
78,79,2
79,80,2
80,81,2
81,82,2
82,83,2
83,84,2
84,85,2
85,86,2
86,87,2
87,88,2
88,89,2
89,90,2
90,91,2
91,92,2
92,93,2
93,94,2
94,95,2
95,96,2
96,97,2
97,98,2
98,99,2
99,100,2
100,101,2
101,102,2
102,103,2
103,104,2
104,105,3
105,106,2
106,107,2
107,108,2
108,109,2
109,110,2
110,111,2
111,112,2
112,113,3
113,114,2
114,115,2
115,116,3
116,117,1
117,118,2
118,119,2
119,120,3
120,121,2
121,122,3
122,123,2
123,124,2
124,125,3
125,126,3
126,127,3
127,128,2
128,129,2
129,130,2
130,131,3
131,132,3
132,133,2
133,134,2
134,135,2
135,136,2
136,137,2
137,138,3
138,139,2
139,140,4
140,141,2
141,142,3
142,143,2
143,144,3
144,145,2
145,146,2
146,147,3
147,148,2
148,149,2
149,150,3
150,151,2
151,152,2
152,153,2
153,154,2
154,155,2
155,156,2
156,157,3
157,158,2
158,159,3
159,160,2
160,161,2
161,162,2
162,163,4
163,164,2
164,165,2
165,166,2
166,167,2
167,168,3
168,169,2
169,170,2
170,171,2
171,172,2
172,173,2
173,174,3
174,175,2
175,176,3
176,177,2
177,178,2
178,179,2
179,180,2
180,181,3
181,182,2
182,183,3
183,184,3
184,185,3
185,186,2
186,187,2
187,188,2
188,189,2
189,190,2
190,191,2
191,192,2
192,193,3
193,194,2
194,195,2
195,196,2
196,197,2
197,198,2
198,199,2
199,200,2
200,201,2
201,202,3
202,203,2
203,204,2
204,205,2
205,206,2
206,207,2
207,208,2
208,209,2
209,210,2
210,211,2
211,212,2
212,213,4
213,214,2
214,215,2
215,216,2
216,217,3
217,218,2
218,219,2
219,220,1
220,221,2
221,222,2
222,223,2
223,224,2
224,225,2
225,226,2
226,227,2
227,228,2
228,229,2
229,230,2
230,231,2
231,232,2
232,233,2
233,234,2
234,235,2
235,236,2
236,237,2
237,238,2
238,239,2
239,240,2
240,241,3
241,242,2
242,243,3
243,244,2
244,245,2
245,246,2
246,247,2
247,248,3
248,249,3
249,250,3
250,251,2
251,252,3
252,253,4
253,254,2
254,255,2
255,256,2
256,257,2
257,258,2
258,259,2
259,260,2
260,261,2
261,262,3
262,263,2
263,264,2
264,265,2
265,266,2
266,267,2
267,268,2
268,269,2
269,270,2
270,271,2
271,272,2
272,273,2
273,274,1
274,275,2
275,276,3
276,277,3
277,278,3
278,279,3
279,280,2
280,281,3
281,282,2
282,283,2
283,284,2
284,285,3
285,286,2
286,287,3
287,288,2
288,289,2
289,290,2
290,291,2
291,292,2
292,293,2
293,294,2
294,295,3
295,296,2
296,297,2
297,298,2
298,299,2
299,300,2
300,301,3
301,302,2
302,303,2
303,304,2
304,305,3
305,306,2
306,307,3
307,308,2
308,309,2
309,310,2
310,311,3
311,312,2
312,313,2
313,314,2
314,315,2
315,316,2
316,317,3
317,318,2
318,319,2
319,320,2
320,321,2
321,322,2
322,323,2
323,324,2
324,325,3
325,326,2
326,327,2
327,328,2
328,329,2
329,330,3
330,331,3
331,332,2
332,333,2
333,334,2
334,335,2
335,336,2
336,337,2
337,338,3
338,339,3
339,340,2
340,341,2
341,342,2
342,343,3
343,344,2
344,345,2
345,346,2
346,347,2
347,348,2
348,349,2
349,350,3
350,351,2
351,352,2
352,353,3
353,354,2
354,355,2
355,356,2
356,357,2
357,358,2
358,359,2
359,360,2
360,361,2
361,362,3
362,363,3
363,364,3
364,365,2
365,366,2
366,367,2
367,368,2
368,369,2
369,370,3
370,371,2
371,372,3
372,373,3
373,374,2
374,375,2
375,376,2
376,377,3
377,378,2
378,379,2
379,380,2
380,381,2
381,382,3
382,383,2
383,384,2
384,385,1
385,386,2
386,387,2
387,388,2
388,389,3
389,390,2
390,391,2
391,392,2
392,393,3
393,394,2
394,395,1
395,396,2
396,397,2
397,398,2
398,399,2
399,400,2
400,401,2
401,402,2
402,403,3
403,404,2
404,405,2
405,406,2
406,407,2
407,408,2
408,409,2
409,410,3
410,411,2
411,412,2
412,413,3
413,414,2
414,415,2
415,416,3
416,417,2
417,418,3
418,419,2
419,420,2
420,421,2
421,422,2
422,423,2
423,424,2
424,425,3
425,426,2
426,427,2
427,428,2
428,429,2
429,430,3
430,431,2
431,432,2
432,433,2
433,434,2
434,435,2
435,436,2
436,437,2
437,438,2
438,439,3
439,440,2
440,441,4
441,442,3
442,443,2
443,444,2
444,445,2
445,446,3
446,447,2
447,448,2
448,449,2
449,450,2
450,451,2
451,452,2
452,453,2
453,454,2
454,455,2
455,456,2
456,457,2
457,458,2
458,459,2
459,460,2
460,461,2
461,462,2
462,463,2
463,464,2
464,465,2
465,466,2
466,467,4
467,468,2
468,469,3
469,470,2
470,471,3
471,472,2
472,473,3
473,474,2
474,475,2
475,476,3
476,477,2
477,478,2
478,479,2
479,480,1
480,481,2
481,482,4
482,483,2
483,484,2
484,485,3
485,486,2
486,487,2
487,488,2
488,489,2
489,490,2
490,491,2
491,492,2
492,493,2
493,494,3
494,495,2
495,496,2
496,497,2
497,498,3
498,499,2
499,500,3
500,501,2
501,502,2
502,503,3
503,504,2
504,505,2
505,506,2
506,507,2
507,508,2
508,509,2
509,510,2
510,511,2
511,512,2
512,513,3
513,514,2
514,515,2
515,516,2
516,517,3
517,518,2
518,519,2
519,520,3
520,521,2
521,522,2
522,523,2
523,524,2
524,525,2
525,526,2
526,527,2
527,528,2
528,529,3
529,530,2
530,531,2
531,532,3
532,533,2
533,534,3
534,535,3
535,536,2
536,537,2
537,538,2
538,539,3
539,540,2
540,541,2
541,542,3
542,543,2
543,544,2
544,545,2
545,546,4
546,547,2
547,548,4
548,549,2
549,550,2
550,551,2
551,552,3
552,553,2
553,554,2
554,555,2
555,556,3
556,557,2
557,558,2
558,559,3
559,560,2
560,561,2
561,562,2
562,563,2
563,564,3
564,565,2
565,566,2
566,567,3
567,568,2
568,569,2
569,570,2
570,571,3
571,572,2
572,573,2
573,574,2
574,575,2
575,576,2
576,577,2
577,578,2
578,579,2
579,580,3
580,581,2
581,582,2
582,583,2
583,584,2
584,585,2
585,586,2
586,587,2
587,588,2
588,589,2
589,590,4
590,591,3
591,592,3
592,593,3
593,594,2
594,595,2
595,596,2
596,597,2
597,598,3
598,599,2
599,600,2
600,601,2
601,602,3
602,603,2
603,604,2
604,605,2
605,606,2
606,607,3
607,608,3
608,609,2
609,610,2
610,611,2
611,612,2
612,613,3
613,614,2
614,615,2
615,616,2
616,617,2
617,618,2
618,619,2
619,620,2
620,621,3
621,622,2
622,623,4
623,624,2
624,625,3
625,626,3
626,627,2
627,628,3
628,629,3
629,630,2
630,631,3
631,632,2
632,633,3
633,634,2
634,635,2
635,636,2
636,637,2
637,638,2
638,639,3
639,640,2
640,641,2
641,642,2
642,643,2
643,644,2
644,645,2
645,646,3
646,647,3
647,648,2
648,649,2
649,650,2
650,651,2
651,652,2
652,653,2
653,654,2
654,655,2
655,656,2
656,657,2
657,658,2
658,659,2
659,660,2
660,661,2
661,662,2
662,663,2
663,664,2
664,665,2
665,666,2
666,667,3
667,668,2
668,669,4
669,670,3
670,671,2
671,672,2
672,673,2
673,674,2
674,675,2
675,676,2
676,677,3
677,678,2
678,679,2
679,680,2
680,681,4
681,682,2
682,683,2
683,684,2
684,685,2
685,686,2
686,687,2
687,688,2
688,689,2
689,690,3
690,691,2
691,692,2
692,693,2
693,694,3
694,695,2
695,696,2
696,697,2
697,698,2
698,699,2
699,700,3
700,701,2
701,702,3
702,703,2
703,704,3
704,705,2
705,706,2
706,707,2
707,708,2
708,709,2
709,710,2
710,711,2
711,712,2
712,713,2
713,714,2
714,715,3
715,716,2
716,717,2
717,718,2
718,719,2
719,720,2
720,721,2
721,722,3
722,723,2
723,724,2
724,725,2
725,726,2
726,727,2
727,728,3
728,729,2
729,730,2
730,731,2
731,732,2
732,733,2
733,734,2
734,735,3
735,736,3
736,737,3
737,738,2
738,739,2
739,740,2
740,741,2
741,742,2
742,743,2
743,744,2
744,745,2
745,746,2
746,747,2
747,748,3
748,749,2
749,750,2
750,751,2
751,752,2
